{
  "total_queries": 16,
  "cache_hits": 1,
  "avg_response_time": 1.406,
  "response_times": [
    0.0030426979064941406,
    2.3098487854003906,
    0.004095315933227539,
    2.442399024963379,
    2.4469025135040283,
    0.0,
    1.1192128658294678,
    1.9734070301055908,
    0.6800293922424316,
    1.1383063793182373,
    2.575493335723877,
    1.6880018711090088,
    2.2203149795532227,
    0.951575756072998,
    2.1581475734710693,
    0.7817039489746094
  ],
  "model_usage": {
    "gpt-3.5-turbo": 13,
    "gpt-4": 0
  },
  "response_sources": {
    "sop": 2,
    "fallback": 0,
    "cache": 2,
    "error": 0,
    "business": 11,
    "clarification": 2
  },
  "companies": {
    "demo-business-123": {
      "queries": 16,
      "avg_response_time": 1.406,
      "sources": {
        "clarification": 2,
        "business": 11,
        "sop": 2,
        "cache": 1
      }
    }
  },
  "daily_stats": {},
  "error_count": 0
}